caseId	category	decision	reason	uiaStatus	ocrStatus	instructionFlag	groundTruth
C01	native_uia_excel_cell	ABSTAIN	visual_provider_not_configured	FAILURE	AVAILABLE	MOCK_EXCEL_STEP1	PENDING_LABEL
C02	native_uia_excel_ribbon	ABSTAIN	visual_provider_not_configured	FAILURE	INSUFFICIENT	MOCK_EXCEL_STEP2_FLAGGED_RIBBON_NOT_CELL	PENDING_LABEL
C03	native_uia_calculator	ABSTAIN	visual_provider_not_configured	FAILURE	AVAILABLE	NO_MOCK_MATCH_AD_HOC_FLAGGED_calc_equals_as_Enter	PENDING_LABEL
C04	text_ocr_notepad	ABSTAIN	visual_provider_not_configured	FAILURE	AVAILABLE	MOCK_PDF_STEP2_FLAGGED_NOTEPAD_NOT_PDF	PENDING_LABEL
C05	text_ocr_notepad_header	ABSTAIN	visual_provider_not_configured	FAILURE	AVAILABLE	MOCK_PDF_STEP1_FLAGGED_NOTEPAD_NOT_PDF	PENDING_LABEL
C06	icon_paint_toolbar	ABSTAIN	visual_provider_not_configured	FAILURE	AVAILABLE	MOCK_BLENDER_STEP1_FLAGGED_PAINT_TOOL_NOT_ADD_MENU	PENDING_LABEL
C07	custom_render_paint_canvas	ABSTAIN	visual_provider_not_configured	FAILURE	AVAILABLE	MOCK_BLENDER_STEP4_FLAGGED_PAINT_PROXY_BLENDER_UNAVAILABLE	PENDING_LABEL
C08	no_structure_paint_canvas	ABSTAIN	visual_provider_not_configured	FAILURE	AVAILABLE	MOCK_BLENDER_STEP5_FLAGGED_PAINT_PROXY_BLENDER_UNAVAILABLE	PENDING_LABEL
C09	uia_explorer_item	ABSTAIN	visual_provider_not_configured	FAILURE	AVAILABLE	MOCK_PDF_STEP3_FLAGGED_EXPLORER_NOT_TABLE	PENDING_LABEL
C10	native_uia_notepad_menu	ABSTAIN	visual_provider_not_configured	FAILURE	INSUFFICIENT	MOCK_BLENDER_STEP1_FLAGGED_NOTEPAD_FILE_MENU_REGION	PENDING_LABEL
C11	conflict_excel_vs_ocr	ABSTAIN	visual_provider_not_configured	FAILURE	AVAILABLE	MOCK_BLENDER_STEP2_FLAGGED_INTENTIONAL_MISMATCH_TARGET	PENDING_LABEL
C12	conflict_notepad_menu_vs_body	ABSTAIN	visual_provider_not_configured	FAILURE	AVAILABLE	MOCK_BLENDER_STEP3_FLAGGED_WIDE_REGION_MENU_PLUS_BODY	PENDING_LABEL
C13	native_uia_excel_formula	ABSTAIN	visual_provider_not_configured	FAILURE	INSUFFICIENT	MOCK_EXCEL_STEP2	PENDING_LABEL
C14	text_ocr_dense_notepad	ABSTAIN	visual_provider_not_configured	FAILURE	AVAILABLE	MOCK_PDF_STEP1	PENDING_LABEL
C15	icon_calc_button	ABSTAIN	visual_provider_not_configured	FAILURE	INSUFFICIENT	NO_MOCK_MATCH_AD_HOC_FLAGGED	PENDING_LABEL
C16	no_access_desktop_empty	ABSTAIN	visual_provider_not_configured	FAILURE	AVAILABLE	MOCK_PDF_STEP4_FLAGGED_EXPLORER_EMPTY_REGION	PENDING_LABEL
C17	native_uia_excel_title	ABSTAIN	visual_provider_not_configured	FAILURE	INSUFFICIENT	MOCK_EXCEL_STEP4_FLAGGED_TITLEBAR_NOT_CELL	PENDING_LABEL
C18	custom_render_unavailable_blender	ABSTAIN	visual_provider_not_configured	FAILURE	AVAILABLE	BLENDER_UNAVAILABLE_PAINT_PROXY_FLAGGED	PENDING_LABEL
